"precinct","estimated_male","estimated_female","estimated_population"
"ABERDEEN","4853.0","5012.0","9867.0"
"ACORNHOEK","57960.0","69658.0","127623.0"
"ACTONVILLE","27194.0","25643.0","52831.0"
"ADDO","10545.0","10398.0","20938.0"
"ADELAIDE","6508.0","7081.0","13588.0"
"AFSONDERING","9563.0","11752.0","21315.0"
"AGGENEYS","1378.0","1005.0","2384.0"
"AKASIA","95086.0","96711.0","191804.0"
"ALBERTINIA","4105.0","4220.0","8328.0"
"ALBERTON","44490.0","45653.0","90144.0"
"ALEXANDER BAY","2660.0","2204.0","4864.0"
"ALEXANDRA","91722.0","86034.0","177765.0"
"ALEXANDRA ROAD","41150.0","45323.0","86479.0"
"ALEXANDRIA","6618.0","7227.0","13845.0"
"ALGOAPARK","17243.0","18244.0","35483.0"
"ALICE","21055.0","22980.0","44034.0"
"ALICEDALE","2156.0","2264.0","4420.0"
"ALIWAL NORTH","8725.0","9805.0","18526.0"
"ALLANRIDGE","9741.0","10081.0","19815.0"
"ALLDAYS","3517.0","2894.0","6410.0"
"AMALIA","3890.0","3821.0","7709.0"
"AMANGWE","20159.0","23234.0","43394.0"
"AMANZIMTOTI","28926.0","31127.0","60044.0"
"AMERSFOORT","17085.0","19086.0","36169.0"
"AMSTERDAM","12448.0","13705.0","26149.0"
"APEL","33239.0","40630.0","73865.0"
"ARLINGTON","2344.0","2556.0","4900.0"
"ASHTON","9054.0","9603.0","18655.0"
"ASSEN","3712.0","2270.0","5985.0"
"ATAMELANG","16849.0","18735.0","35583.0"
"ATHLONE","30221.0","33086.0","63307.0"
"ATLANTIS","39154.0","40474.0","79631.0"
"ATTERIDGEVILLE","87364.0","82765.0","170122.0"
"AUGRABIES","8006.0","6374.0","14379.0"
"AVONDALE","15536.0","18373.0","33902.0"
"BABANANGO","12989.0","15369.0","28358.0"
"BADPLAAS","5939.0","5920.0","11857.0"
"BAINSVLEI","10488.0","10972.0","21457.0"
"BALFOUR","2040.0","2167.0","4209.0"
"BALFOUR TVL","13286.0","13291.0","26583.0"
"BARBERTON","33768.0","30884.0","64646.0"
"BARKLY EAST","6413.0","6659.0","13077.0"
"BARKLY WEST","11200.0","11746.0","22943.0"
"BARRYDALE","3751.0","3703.0","7452.0"
"BATHO","8132.0","7737.0","15869.0"
"BATHURST","3925.0","4381.0","8306.0"
"BATLHAROS","9818.0","11468.0","21285.0"
"BAVIAANSKLOOF","492.0","554.0","1047.0"
"BAYSWATER","9772.0","11170.0","20943.0"
"BAYVIEW","18343.0","19973.0","38319.0"
"BEACON BAY","14988.0","15959.0","30945.0"
"BEAUFORT WEST","19359.0","20715.0","40076.0"
"BEDFORD","5058.0","5423.0","10480.0"
"BEDFORDVIEW","18793.0","19975.0","38767.0"
"BEDWANG","10993.0","11930.0","22927.0"
"BEKKERSDAL","39805.0","37418.0","77221.0"
"BELA-BELA","29850.0","29144.0","58987.0"
"BELFAST","10540.0","10347.0","20892.0"
"BELHAR","27458.0","29381.0","56835.0"
"BELL","3192.0","3651.0","6848.0"
"BELLAIR","12437.0","12883.0","25320.0"
"BELLVILLE","31526.0","34463.0","65990.0"
"BELLVILLE SOUTH","14047.0","15248.0","29295.0"
"BELMONT","393.0","358.0","750.0"
"BENONI","62429.0","56591.0","119025.0"
"BEREA","12238.0","15330.0","27567.0"
"BERGVILLE","25393.0","29432.0","54820.0"
"BERLIN","6481.0","6934.0","13417.0"
"BESTERS","13661.0","14558.0","28217.0"
"BETHAL","9094.0","7928.0","17020.0"
"BETHANIE","28543.0","24038.0","52588.0"
"BETHELSDORP","69700.0","74457.0","144156.0"
"BETHLEHEM","41788.0","45567.0","87343.0"
"BETHULIE","3522.0","3779.0","7302.0"
"BHEKITHEMBA","65942.0","70710.0","136659.0"
"BHISHO","8075.0","9157.0","17229.0"
"BIESIESVLEI","6733.0","6001.0","12731.0"
"BISHOP LAVIS","51238.0","54819.0","106051.0"
"BISHOPSTOWE","6279.0","7130.0","13409.0"
"BITYI","34259.0","39425.0","73691.0"
"BIZANA","52554.0","62462.0","115007.0"
"BLINKPAN","10156.0","6857.0","17013.0"
"BLOEMHOF","14881.0","15208.0","30084.0"
"BLOEMSPRUIT","54251.0","49131.0","103393.0"
"BLUEWATER","4946.0","5321.0","10265.0"
"BOETSAP","278.0","250.0","529.0"
"BOIPATONG","12272.0","12085.0","24357.0"
"BOITEKONG","81131.0","65879.0","147008.0"
"BOITHUSO","46997.0","52829.0","99830.0"
"BOKSBURG","33312.0","29871.0","63183.0"
"BOKSBURG NORTH","30476.0","30939.0","61416.0"
"BOLO","2723.0","2843.0","5569.0"
"BOLOBEDU","73767.0","92974.0","166745.0"
"BOLOTWA","8176.0","8933.0","17109.0"
"BONNIEVALE","6997.0","6965.0","13959.0"
"BOONS","3638.0","2893.0","6532.0"
"BOOYSENS","39813.0","40681.0","80499.0"
"BOSCHKOP","15154.0","15258.0","30417.0"
"BOSHOEK","2966.0","1931.0","4896.0"
"BOSHOF","5062.0","5476.0","10540.0"
"BOSTON","2812.0","3120.0","5935.0"
"BOTHASIG","12806.0","13876.0","26681.0"
"BOTHAVILLE","24218.0","26462.0","50676.0"
"BOTHITHONG","14788.0","18883.0","33674.0"
"BOTLOKWA","26733.0","32240.0","58979.0"
"BOTSHABELO","38311.0","43572.0","81876.0"
"BRACKENDOWNS","26838.0","28743.0","55585.0"
"BRACKENFELL","24568.0","26086.0","50658.0"
"BRAKPAN","38546.0","37755.0","76299.0"
"BRAMLEY","23278.0","23115.0","46395.0"
"BRANDFORT","6857.0","6996.0","13854.0"
"BRANDVLEI","1810.0","1661.0","3472.0"
"BRAY","2203.0","2280.0","4483.0"
"BREDASDORP","11182.0","11434.0","22621.0"
"BREYTEN","8440.0","8691.0","17127.0"
"BRIDGE CAMP","7527.0","8209.0","15732.0"
"BRIGHTON BEACH","17814.0","17205.0","35017.0"
"BRITS","45845.0","36624.0","82460.0"
"BRITSTOWN","3098.0","3125.0","6224.0"
"BRIXTON","22250.0","23768.0","46018.0"
"BRONKHORSTSPRUIT","31094.0","29902.0","61002.0"
"BRONVILLE","15154.0","14894.0","30045.0"
"BROOKLYN","32774.0","36330.0","69107.0"
"BUFFALO FLATS","19549.0","20691.0","40239.0"
"BUFFELSHOEK","1646.0","1150.0","2795.0"
"BULGERIVIER","850.0","568.0","1416.0"
"BULTFONTEIN","13164.0","14651.0","27814.0"
"BULWER","25994.0","30555.0","56547.0"
"BURGERSDORP","9222.0","9537.0","18758.0"
"BURGERSFORT","26158.0","24525.0","50671.0"
"BUSHBUCKRIDGE","49757.0","58308.0","108065.0"
"BUTTERWORTH","21791.0","23580.0","45371.0"
"CALA","22551.0","24170.0","46723.0"
"CALCUTTA","74452.0","89538.0","163991.0"
"CALEDON","14359.0","12995.0","27351.0"
"CALITZDORP","3628.0","3995.0","7624.0"
"CALVINIA","5162.0","5489.0","10648.0"
"CAMBRIDGE","39049.0","44487.0","83544.0"
"CAMPBELL","2181.0","2137.0","4318.0"
"CAMPERDOWN","10265.0","10298.0","20560.0"
"CAMPS BAY","2702.0","2820.0","5524.0"
"CAPE TOWN CENTRAL","17040.0","17980.0","35019.0"
"CARLETONVILLE","37423.0","24381.0","61799.0"
"CARNARVON","3899.0","4092.0","7990.0"
"CAROLINA","11344.0","11016.0","22362.0"
"CATHCART","4532.0","4911.0","9446.0"
"CATO MANOR","46928.0","48689.0","95618.0"
"CEDARVILLE","3164.0","3378.0","6543.0"
"CENTANE","36352.0","42596.0","78962.0"
"CERES","21162.0","20948.0","42110.0"
"CEZA","13694.0","17003.0","30700.0"
"CHALUMNA","5665.0","6208.0","11872.0"
"CHARL CILLIERS","1618.0","1554.0","3172.0"
"CHARLESTOWN","3937.0","4357.0","8294.0"
"CHATSWORTH","74901.0","79375.0","154287.0"
"CHRISSIESMEER","5082.0","5236.0","10319.0"
"CHRISTIANA","12163.0","11869.0","24037.0"
"CHUNGWA","8835.0","9949.0","18790.0"
"CITRUSDAL","9830.0","9525.0","19355.0"
"CLANWILLIAM","7738.0","7795.0","15532.0"
"CLAREMONT","14708.0","16187.0","30901.0"
"CLARENS","4136.0","4644.0","8784.0"
"CLEVELAND","23264.0","19756.0","43025.0"
"CLOCOLAN","9352.0","10863.0","20218.0"
"CLOETESVILLE","24897.0","26295.0","51190.0"
"COFFEE BAY","8088.0","10094.0","18179.0"
"COFIMVABA","39286.0","44168.0","83461.0"
"COLENSO","5713.0","6715.0","12431.0"
"COLESBERG","4276.0","4357.0","8633.0"
"COLIGNY","16444.0","15460.0","31903.0"
"COMMITTEES","192.0","176.0","367.0"
"CONVILLE","22852.0","24349.0","47205.0"
"COOKHOUSE","4410.0","4352.0","8759.0"
"CORNELIA","2563.0","2695.0","5260.0"
"CRADOCK","21223.0","22490.0","43712.0"
"CRAMOND","5319.0","5261.0","10580.0"
"CREIGHTON","6717.0","7287.0","14010.0"
"CRYSTALPARK","18856.0","18305.0","37162.0"
"CULLINAN","23004.0","19448.0","42449.0"
"CUMBERLAND","936.0","742.0","1681.0"
"CYFERSKUIL","9959.0","10550.0","20505.0"
"DA GAMASKOP","12162.0","12822.0","24985.0"
"DALASILE","16986.0","20068.0","37048.0"
"DALTON","8557.0","9304.0","17861.0"
"DANIELSKUIL","6864.0","7090.0","13955.0"
"DANNHAUSER","34456.0","38514.0","72964.0"
"DARLING","7573.0","7837.0","15411.0"
"DAVEL","3526.0","3613.0","7139.0"
"DAVEYTON","59962.0","57563.0","117535.0"
"DAWN PARK","42564.0","37739.0","80306.0"
"DE AAR","6942.0","7362.0","14308.0"
"DE DEUR","40366.0","39440.0","79799.0"
"DE DOORNS","16564.0","18534.0","35102.0"
"DE RUST","2830.0","3080.0","5911.0"
"DEALESVILLE","3358.0","3353.0","6714.0"
"DEBEN","4207.0","4052.0","8260.0"
"DELAREYVILLE","13351.0","12125.0","25474.0"
"DELFT","75487.0","78277.0","153759.0"
"DELMAS","30109.0","29080.0","59196.0"
"DELPORTSHOOP","7602.0","7900.0","15503.0"
"DENEYSVILLE","10782.0","10150.0","20933.0"
"DENNILTON","46902.0","55349.0","102248.0"
"DESPATCH","15609.0","16826.0","32440.0"
"DEVON","5764.0","4953.0","10717.0"
"DEWETSDORP","5402.0","6084.0","11493.0"
"DIENTJIE","7413.0","8773.0","16184.0"
"DIEPKLOOF","51426.0","51562.0","102990.0"
"DIEPRIVIER","17994.0","20712.0","38699.0"
"DIEPSLOOT","78110.0","65284.0","143391.0"
"DIMBAZA","21172.0","23237.0","44408.0"
"DINGLETON","2207.0","1858.0","4064.0"
"DIRKIESDORP","18878.0","21184.0","40058.0"
"DOBSONVILLE","116804.0","118058.0","234877.0"
"DONNYBROOK","13377.0","15173.0","28547.0"
"DORDRECHT","5601.0","5923.0","11525.0"
"DORING BAY","1617.0","1687.0","3306.0"
"DORINGKLOOF","621.0","520.0","1139.0"
"DORSET","1337.0","1044.0","2380.0"
"DOUGLAS","11177.0","11313.0","22490.0"
"DOUGLASDALE","59690.0","62222.0","121903.0"
"DUBE","11562.0","12253.0","23812.0"
"DUDUDU","12349.0","14850.0","27201.0"
"DUDUZA","36507.0","37255.0","73763.0"
"DULLSTROOM","3645.0","3786.0","7433.0"
"DUNCAN VILLAGE","34443.0","38064.0","72511.0"
"DUNDEE","20076.0","21207.0","41286.0"
"DUNNOTTAR","5319.0","5156.0","10479.0"
"DURBAN CENTRAL","22612.0","26394.0","49002.0"
"DURBAN NORTH","18809.0","21049.0","39850.0"
"DURBANVILLE","34322.0","38030.0","72349.0"
"DWAALBOOM","1137.0","742.0","1880.0"
"DYSSELSDORP","7189.0","7762.0","14949.0"
"EAST LONDON","35089.0","38775.0","73860.0"
"EDENBURG","3866.0","3840.0","7707.0"
"EDENPARK","42058.0","40431.0","82492.0"
"EDENVALE","24894.0","27616.0","52509.0"
"EDENVILLE","3753.0","3975.0","7727.0"
"EENDEKUIL","2851.0","2819.0","5669.0"
"EERSTERUST","14789.0","15750.0","30540.0"
"EKANGALA","23495.0","24946.0","48447.0"
"EKOMBE","24568.0","31345.0","55911.0"
"EKULINDENI","4034.0","4634.0","8667.0"
"EKUVUKENI","21738.0","26086.0","47820.0"
"ELANDS BAY","1338.0","1233.0","2571.0"
"ELANDS HEIGHT","311.0","189.0","500.0"
"ELANDSKRAAL","8332.0","9834.0","18164.0"
"ELANDSLAAGTE","11248.0","12307.0","23551.0"
"ELDORADO PARK","36309.0","37639.0","73947.0"
"ELLIOT","8692.0","9421.0","18117.0"
"ELLIOTDALE","24648.0","30650.0","55302.0"
"ELSBURG","22451.0","22574.0","45024.0"
"ELSIES RIVER","33557.0","36137.0","69691.0"
"ELUKWATINI","29932.0","35133.0","65058.0"
"EMANGUZI","43292.0","51876.0","95169.0"
"EMATIMATOLO","14409.0","18903.0","33307.0"
"EMATSHENI","13839.0","16258.0","30092.0"
"EMBALENHLE","62486.0","56644.0","119141.0"
"EMPANGENI","73074.0","72944.0","146028.0"
"EMZINONI","24123.0","24845.0","48975.0"
"ENGCOBO","50628.0","58251.0","108884.0"
"ENNERDALE","52744.0","52057.0","104809.0"
"ERASMIA","13398.0","9711.0","23107.0"
"ERMELO","46759.0","46705.0","93462.0"
"ESHOWE","45099.0","53045.0","98147.0"
"ESIKHAWINI","54854.0","60428.0","115280.0"
"ESTCOURT","22924.0","24920.0","47844.0"
"ETWATWA","71354.0","71245.0","142594.0"
"EVANDER","5963.0","5188.0","11151.0"
"EVATON","101940.0","108821.0","210760.0"
"EVATT","813.0","712.0","1525.0"
"EXCELSIOR","3458.0","3759.0","7216.0"
"EZAKHENI","41629.0","50637.0","92261.0"
"EZIBAYENI","9747.0","11359.0","21104.0"
"EZIBELENI","13969.0","16141.0","30110.0"
"EZINQOLENI","27450.0","32461.0","59905.0"
"FAIRLAND","9820.0","11677.0","21499.0"
"FAURESMITH","2484.0","2139.0","4621.0"
"FERNIE","10114.0","11742.0","21858.0"
"FICKSBURG","20973.0","24438.0","45413.0"
"FISH HOEK","9454.0","10837.0","20287.0"
"FLAGSTAFF","61984.0","73106.0","135086.0"
"FLORIDA","32026.0","34032.0","66057.0"
"FLOUKRAAL","265.0","207.0","472.0"
"FOCHVILLE","23955.0","23061.0","47017.0"
"FOLWENI","32847.0","35644.0","68500.0"
"FORT BEAUFORT","12656.0","14161.0","26818.0"
"FORT BROWN","580.0","569.0","1148.0"
"FOURIESBURG","8476.0","9943.0","18421.0"
"FRANKLIN","1939.0","1990.0","3929.0"
"FRANSCHHOEK","11165.0","11373.0","22535.0"
"FRASERBURG","2102.0","2009.0","4110.0"
"GA-RANKUWA","47950.0","49801.0","97751.0"
"GALESHEWE","37593.0","41103.0","78685.0"
"GAMALAKHE","14964.0","17871.0","32834.0"
"GANS BAY","7751.0","7457.0","15208.0"
"GANYESA","25598.0","30079.0","55688.0"
"GARIEPDAM","881.0","883.0","1763.0"
"GARIES","1384.0","1316.0","2699.0"
"GARSFONTEIN","47440.0","53938.0","101378.0"
"GELVANDALE","35847.0","39180.0","75022.0"
"GENADENDAL","5411.0","5259.0","10670.0"
"GEORGE","30218.0","31495.0","61715.0"
"GERMISTON","38820.0","33526.0","72346.0"
"GILEAD","24114.0","29556.0","53671.0"
"GINGINDLOVU","15723.0","17879.0","33605.0"
"GIYANI","101677.0","127932.0","229602.0"
"GLEN","628.0","550.0","1177.0"
"GLEN GREY","17669.0","20220.0","37897.0"
"GLENCOE","9158.0","9429.0","18592.0"
"GLENDALE","5665.0","5935.0","11600.0"
"GLUCKSTADT","9478.0","10803.0","20281.0"
"GOEDEMOED","525.0","448.0","974.0"
"GONUBIE","11849.0","12877.0","24727.0"
"GOODWOOD","22496.0","21425.0","43922.0"
"GORDONS BAY","8069.0","8501.0","16572.0"
"GOWAN LEA","10263.0","12297.0","22566.0"
"GRAAFF-REINET","20212.0","21334.0","41545.0"
"GRAAFWATER","2465.0","2474.0","4940.0"
"GRABOUW","20951.0","21220.0","42175.0"
"GRAHAMSTOWN","16777.0","18223.0","34997.0"
"GRASKOP","2577.0","2258.0","4836.0"
"GRASSY PARK","42845.0","45781.0","88628.0"
"GRAVELOTTE","2805.0","1682.0","4486.0"
"GREENWOOD PARK","36037.0","35846.0","71884.0"
"GREYLINGSTAD","4390.0","4272.0","8661.0"
"GREYTOWN","15938.0","19490.0","35430.0"
"GRIEKWASTAD","3700.0","3694.0","7397.0"
"GROBLERSDAL","11121.0","10263.0","21385.0"
"GROBLERSHOOP","8247.0","8131.0","16377.0"
"GROENVLEI","2609.0","2644.0","5254.0"
"GROOT BRAKRIVIER","10400.0","10930.0","21327.0"
"GROOT MARICO","7749.0","6364.0","14110.0"
"GROOT-DRAKENSTEIN","8665.0","8552.0","17218.0"
"GROOTVLEI","3529.0","3178.0","6706.0"
"GUGULETHU","60339.0","63674.0","124020.0"
"HAENERTSBURG","2723.0","2232.0","4957.0"
"HAMBURG","921.0","994.0","1918.0"
"HAMMANSKRAAL","26622.0","26419.0","53046.0"
"HAMMARSDALE","8180.0","8382.0","16561.0"
"HANKEY","6569.0","7138.0","13704.0"
"HANOVER","2660.0","2756.0","5415.0"
"HARARE","84222.0","88250.0","172475.0"
"HARBURG","6452.0","7363.0","13816.0"
"HARDING","43490.0","50669.0","94154.0"
"HARRISMITH","24226.0","26806.0","51032.0"
"HARTBEESFONTEIN","15230.0","14417.0","29647.0"
"HARTBEESPOORTDAM","20617.0","17147.0","37763.0"
"HARTEBEESKOP","5205.0","5984.0","11188.0"
"HARTSWATER","6634.0","6722.0","13353.0"
"HATTINGSPRUIT","4332.0","4425.0","8757.0"
"HAZYVIEW","19173.0","19996.0","39172.0"
"HEALDTOWN","2510.0","2817.0","5328.0"
"HEBRON","21482.0","20562.0","42052.0"
"HEIDEDAL","12278.0","13148.0","25424.0"
"HEIDELBERG (GP)","13718.0","12169.0","25890.0"
"HEIDELBERG(C)","7686.0","7894.0","15579.0"
"HEILBRON","14703.0","16251.0","30952.0"
"HEKPOORT","2057.0","1876.0","3932.0"
"HELPMEKAAR","11041.0","12422.0","23466.0"
"HENDERSON","430.0","410.0","841.0"
"HENDRINA","17415.0","15649.0","33064.0"
"HENNENMAN","12700.0","13497.0","26200.0"
"HERCULES","23560.0","23774.0","47330.0"
"HERMANUS","23316.0","24532.0","47845.0"
"HERTZOGVILLE","6556.0","6243.0","12803.0"
"HEUNINGSPRUIT","722.0","646.0","1369.0"
"HEUNINGVLEI","2743.0","2935.0","5677.0"
"HIBBERDENE","30504.0","33681.0","64184.0"
"HIGHFLATS","29154.0","34019.0","63173.0"
"HILLBROW","68149.0","69628.0","137778.0"
"HILLCREST","48304.0","50359.0","98660.0"
"HILTON-KZN","5418.0","5458.0","10873.0"
"HIMEVILLE","7602.0","7309.0","14915.0"
"HLABABOMVU","15301.0","16925.0","32223.0"
"HLABISA","15511.0","18225.0","33736.0"
"HLANGANANI","26004.0","33319.0","59317.0"
"HLOBANE","14124.0","15928.0","30055.0"
"HLOGOTLOU","34544.0","42634.0","77174.0"
"HLUHLUWE","30592.0","35684.0","66284.0"
"HOBHOUSE","2284.0","2546.0","4832.0"
"HOEDSPRUIT","16604.0","18253.0","34861.0"
"HOFMEYR","2505.0","2563.0","5067.0"
"HOGSBACK","885.0","846.0","1731.0"
"HONDEKLIP BAY","544.0","509.0","1053.0"
"HONEYDEW","109582.0","111265.0","220840.0"
"HOOPDAL","1201.0","1023.0","2224.0"
"HOOPSTAD","9401.0","9852.0","19255.0"
"HOPEFIELD","4416.0","4481.0","8894.0"
"HOPETOWN","6310.0","6098.0","12405.0"
"HOUT BAY","17049.0","16234.0","33287.0"
"HOWICK","18300.0","19443.0","37739.0"
"HUHUDI","12866.0","13761.0","26626.0"
"HUMANSDORP","16803.0","17309.0","34098.0"
"HUMEWOOD","18302.0","20119.0","38425.0"
"IBISI","21837.0","26576.0","48416.0"
"IDA","1014.0","725.0","1738.0"
"IDUTYWA","46848.0","53210.0","100064.0"
"IKAGENG","52287.0","55478.0","107765.0"
"IKAMVELIHLE","20522.0","22950.0","43469.0"
"ILINGE","8350.0","9060.0","17412.0"
"IMPENDLE","13625.0","15491.0","29113.0"
"INANDA","156634.0","168930.0","325565.0"
"INCHANGA","25138.0","27048.0","52192.0"
"INDWE","4448.0","4681.0","9129.0"
"INGOGO","2071.0","1968.0","4040.0"
"INGWAVUMA","34906.0","41027.0","75935.0"
"INT AIRP KING SHAKA","98.0","85.0","183.0"
"INTSIKENI","21585.0","26353.0","47935.0"
"INYIBIBA","19991.0","23252.0","43244.0"
"IPELEGENG","17660.0","18946.0","36599.0"
"ISIPINGO","22857.0","23668.0","46526.0"
"ITSOSENG","27649.0","30915.0","58571.0"
"IVORY PARK","149339.0","127723.0","277053.0"
"IXOPO","20835.0","23603.0","44434.0"
"JABULANI","55299.0","55502.0","110806.0"
"JACOBSDAL","5062.0","4998.0","10057.0"
"JAGERSFONTEIN","3048.0","3245.0","6296.0"
"JAMESTOWN","2660.0","2950.0","5609.0"
"JAN KEMPDORP","13157.0","13705.0","26865.0"
"JANE FURSE","26025.0","32003.0","58033.0"
"JANSENVILLE","3382.0","3623.0","7005.0"
"JEFFREYS BAY","14340.0","14831.0","29173.0"
"JEPPE","37124.0","26594.0","63721.0"
"JERICHO","13276.0","13538.0","26814.0"
"JHB CENTRAL","28069.0","23122.0","51187.0"
"JOUBERTINA","10207.0","10141.0","20349.0"
"JOUBERTON","55610.0","57974.0","113585.0"
"JOZA","16087.0","18681.0","34765.0"
"JOZINI","34931.0","40100.0","75036.0"
"KAAPMUIDEN","1727.0","1179.0","2906.0"
"KABEGA PARK","35284.0","36991.0","72277.0"
"KABOKWENI","63244.0","68035.0","131276.0"
"KAGISANONG","41130.0","45704.0","86836.0"
"KAGISHO","21897.0","23833.0","45725.0"
"KAGISO","90209.0","87943.0","178164.0"
"KAKAMAS","12458.0","11448.0","23908.0"
"KAMEELDRIFT","9929.0","6336.0","16264.0"
"KAMESH","33982.0","36424.0","70406.0"
"KAMIESKROON","3226.0","3237.0","6461.0"
"KANANA","38182.0","40309.0","78490.0"
"KANONEILAND","2113.0","1906.0","4015.0"
"KANYAMAZANE","24534.0","27134.0","51668.0"
"KAREEDOUW","4874.0","4900.0","9774.0"
"KATHU","11433.0","7967.0","19401.0"
"KATKOP","8325.0","8922.0","17241.0"
"KATLEHONG","78361.0","77585.0","155941.0"
"KATLEHONG NORTH","61624.0","56811.0","118434.0"
"KEI BRIDGE","2695.0","2915.0","5609.0"
"KEI MOUTH","1485.0","1572.0","3054.0"
"KEI ROAD","1220.0","1203.0","2423.0"
"KEIMOES","8509.0","8434.0","16944.0"
"KEISKAMMAHOEK","13536.0","14902.0","28438.0"
"KEMPTON PARK","36615.0","36760.0","73364.0"
"KENHARDT","2973.0","2984.0","5958.0"
"KENSINGTON","12392.0","13216.0","25607.0"
"KENTON ON SEA","5624.0","6174.0","11800.0"
"KESTELL","5199.0","5849.0","11044.0"
"KGOMOTSO","6750.0","7716.0","14462.0"
"KHAYELITSHA","76243.0","78125.0","154362.0"
"KHUMA","22595.0","23866.0","46468.0"
"KHUTSONG","30499.0","32429.0","62929.0"
"KIDDS BEACH","6186.0","6889.0","13079.0"
"KIMBERLEY","35056.0","36606.0","71652.0"
"KING WILLIAM'S TOWN","19967.0","23480.0","43444.0"
"KINGSLEY","2050.0","1956.0","4007.0"
"KINKELBOS","1290.0","1287.0","2577.0"
"KINROSS","8105.0","7456.0","15563.0"
"KIRKWOOD","12188.0","11375.0","23559.0"
"KIRSTENHOF","15097.0","15173.0","30268.0"
"KLAPMUTS","6828.0","6844.0","13669.0"
"KLAWER","5561.0","5476.0","11035.0"
"KLEINBULHOEK","4887.0","5063.0","9953.0"
"KLEINMOND","4539.0","4572.0","9110.0"
"KLEINSEE","495.0","337.0","832.0"
"KLEINVLEI","46957.0","49640.0","96589.0"
"KLERKSDORP","41830.0","42280.0","84123.0"
"KLERKSKRAAL","1961.0","1520.0","3482.0"
"KLIPGAT","38807.0","38900.0","77706.0"
"KLIPPLAAT","1588.0","1730.0","3322.0"
"KLIPRIVIER","7448.0","6206.0","13656.0"
"KLIPTOWN","50549.0","51942.0","102491.0"
"KNYSNA","33891.0","34626.0","68513.0"
"KOFFIEFONTEIN","5825.0","5998.0","11825.0"
"KOKSTAD","27951.0","29937.0","57888.0"
"KOLOMANE","824.0","823.0","1648.0"
"KOMAGGAS","2304.0","2278.0","4581.0"
"KOMATIPOORT","12031.0","9509.0","21544.0"
"KOMGA","5069.0","5335.0","10402.0"
"KOMMISSIEPOORT","769.0","730.0","1499.0"
"KOPANONG","29053.0","30946.0","60014.0"
"KOPPIES","7650.0","8281.0","15929.0"
"KOSTER","16218.0","14815.0","31028.0"
"KRAAIFONTEIN","82400.0","83174.0","165572.0"
"KRANSKOP","24702.0","31624.0","56330.0"
"KRIEL","21259.0","18051.0","39307.0"
"KROONSTAD","15281.0","13927.0","29209.0"
"KRUGERSDORP","64284.0","62041.0","126327.0"
"KUBUSIEDRIFT","267.0","248.0","515.0"
"KUILSRIVIER","35299.0","36651.0","71953.0"
"KURUMAN","8846.0","8506.0","17351.0"
"KUYASA","4844.0","5229.0","10072.0"
"KWA THEMA","48659.0","47370.0","96034.0"
"KWAAIMAN","24661.0","29841.0","54505.0"
"KWADABEKA","55045.0","53511.0","108559.0"
"KWADUKUZA","76908.0","80322.0","157244.0"
"KWADWESI","25352.0","28987.0","54343.0"
"KWAGGAFONTEIN","45928.0","51716.0","97643.0"
"KWAMAKHUTHA","51476.0","55227.0","106710.0"
"KWAMASHU E","78452.0","68234.0","146684.0"
"KWAMBONAMBI","42988.0","46414.0","89399.0"
"KWAMHLANGA","61057.0","65739.0","126796.0"
"KWAMSANE","59101.0","69506.0","128606.0"
"KWANDENGANE","13943.0","16254.0","30197.0"
"KWANDENGEZI","32352.0","35172.0","67527.0"
"KWANOBUHLE","50314.0","55273.0","105585.0"
"KWANOKUTHULA","10349.0","10593.0","20941.0"
"KWANONQABA","16965.0","16772.0","33736.0"
"KWAZAKELE","50780.0","56681.0","107458.0"
"LAAIPLEK","6764.0","7002.0","13766.0"
"LADISMITH","8499.0","8899.0","17393.0"
"LADY FRERE","25602.0","28638.0","54244.0"
"LADY GREY","3957.0","4181.0","8140.0"
"LADYBRAND","13565.0","14980.0","28548.0"
"LADYSMITH","50331.0","55323.0","105650.0"
"LAERSDRIFT","2192.0","2174.0","4365.0"
"LAINGSBURG","4023.0","4068.0","8090.0"
"LAMBERTSBAAI","3497.0","3584.0","7078.0"
"LAMONTVILLE","15870.0","17597.0","33469.0"
"LANGA","23417.0","24062.0","47482.0"
"LANGEBAAN","4006.0","4177.0","8183.0"
"LANGLAAGTE","12457.0","12522.0","24973.0"
"LANSDOWNE","23202.0","25284.0","48487.0"
"LAUDIUM","13807.0","13488.0","27294.0"
"LEBOENG","9662.0","12564.0","22227.0"
"LEBOWAKGOMO","63215.0","74288.0","137497.0"
"LEEU GAMKA","2757.0","2631.0","5389.0"
"LEEUDORINGSTAD","8099.0","8288.0","16386.0"
"LEHURUTSHE","29201.0","32902.0","62103.0"
"LENASIA","45425.0","45514.0","90945.0"
"LENASIA SOUTH","41909.0","41666.0","83582.0"
"LENTEGEUR","41904.0","44495.0","86391.0"
"LEPHALALE","31399.0","19789.0","51186.0"
"LESLIE","18172.0","18273.0","36446.0"
"LETHABONG","12503.0","13845.0","26354.0"
"LETHLABILE","40352.0","42271.0","82629.0"
"LETSITELE","35651.0","42226.0","77872.0"
"LEVUBU","24355.0","29289.0","53641.0"
"LIBODE","55271.0","64647.0","119919.0"
"LICHTENBURG","34978.0","32568.0","67550.0"
"LIME ACRES","2667.0","2177.0","4846.0"
"LINDEN","31173.0","34636.0","65808.0"
"LINDLEY","6431.0","7138.0","13567.0"
"LINGELETHU-WEST","30822.0","33545.0","64371.0"
"LOATE","53177.0","52194.0","105378.0"
"LOERIESFONTEIN","1792.0","1709.0","3501.0"
"LOMANYANENG","25581.0","27816.0","53387.0"
"LOTHAIR","6840.0","7516.0","14358.0"
"LOUWSBURG","7567.0","8555.0","16122.0"
"LOW'S CREEK","3724.0","3048.0","6770.0"
"LOXTON","846.0","842.0","1690.0"
"LUCKHOFF","2139.0","2170.0","4308.0"
"LUKHOLWENI","9198.0","10749.0","19938.0"
"LULEKANI","24516.0","28414.0","52933.0"
"LUSIKISIKI","93171.0","109292.0","202472.0"
"LUTZVILLE","7435.0","7043.0","14476.0"
"LWANDLE","34058.0","31080.0","65146.0"
"LYDENBURG","25147.0","23844.0","48995.0"
"LYTTELTON","51865.0","57327.0","109190.0"
"MAAKE","73265.0","88065.0","161332.0"
"MAARTENSHOOP","2719.0","2677.0","5396.0"
"MABOPANE","43025.0","45234.0","88255.0"
"MACASSAR","17098.0","17938.0","35030.0"
"MACHADODORP","5350.0","4845.0","10194.0"
"MACLEANTOWN","5005.0","5429.0","10433.0"
"MACLEAR","5676.0","6024.0","11699.0"
"MADADENI","74159.0","82976.0","157125.0"
"MADEIRA","11234.0","14095.0","25326.0"
"MADIBOGO","16790.0","19042.0","35828.0"
"MADIKWE","29657.0","32568.0","62232.0"
"MAFUBE","13591.0","14429.0","28023.0"
"MAGALIESBURG","6369.0","6088.0","12455.0"
"MAGATLE","28737.0","35147.0","63884.0"
"MAGUDU","4221.0","3937.0","8158.0"
"MAHAMBA","4087.0","4787.0","8874.0"
"MAHIKENG","38607.0","38024.0","76634.0"
"MAHLABATHINI","26204.0","32582.0","58791.0"
"MAHWELERENG","71279.0","80377.0","151653.0"
"MAITLAND","9887.0","9642.0","19529.0"
"MAKAPANSTAD","25632.0","27375.0","53009.0"
"MAKGOBISTAD","7782.0","8719.0","16500.0"
"MAKHADO","31038.0","28847.0","59895.0"
"MAKUYA","8879.0","10387.0","19266.0"
"MAKWANE","19166.0","23455.0","42619.0"
"MAKWASSIE","8799.0","8835.0","17636.0"
"MALAMULELE","59351.0","74943.0","134305.0"
"MALEBOHO","25789.0","31475.0","57255.0"
"MALELANE","6480.0","5092.0","11571.0"
"MALETSWAI","8367.0","9542.0","17912.0"
"MALIPSDRIFT","8976.0","11309.0","20284.0"
"MALMESBURY","29370.0","28991.0","58356.0"
"MALUTI","43326.0","50395.0","93741.0"
"MALVERN","18929.0","19531.0","38457.0"
"MAMELODI","39086.0","33452.0","72533.0"
"MAMELODI EAST","134112.0","126670.0","260784.0"
"MANDENI","5641.0","5720.0","11362.0"
"MANENBERG","40628.0","44650.0","85283.0"
"MANGAUNG","25388.0","26476.0","51858.0"
"MANKWENG","92228.0","106284.0","198514.0"
"MAOKENG","34366.0","39541.0","73906.0"
"MAPHUMULO","26074.0","31310.0","57370.0"
"MARA","1762.0","1503.0","3262.0"
"MARBLE HALL","36703.0","39516.0","76219.0"
"MARGATE","29977.0","33142.0","63124.0"
"MARIANNHILL","61327.0","62242.0","123568.0"
"MARIKANA","35763.0","21102.0","56873.0"
"MARQUARD","8050.0","8969.0","17016.0"
"MARYDALE","1544.0","1608.0","3152.0"
"MASEMOLA","16651.0","21869.0","38520.0"
"MASHASHANE","25180.0","29904.0","55083.0"
"MASISI","9879.0","11078.0","20956.0"
"MASOYI","47046.0","51769.0","98815.0"
"MATATIELE","6422.0","7807.0","14230.0"
"MATLALA","42339.0","51724.0","94064.0"
"MATSULU","23465.0","25600.0","49067.0"
"MAYDON WHARF","523.0","378.0","900.0"
"MAYFLOWER","17740.0","21135.0","38873.0"
"MAYVILLE-KZN","15729.0","17110.0","32836.0"
"MBAZWANA","19789.0","22945.0","42734.0"
"MBEKWENI","19663.0","20542.0","40202.0"
"MBIZENI","374.0","379.0","754.0"
"MBONGOLWANE","14407.0","17580.0","31980.0"
"MBUZINI","10201.0","12221.0","22416.0"
"MCGREGOR","2834.0","2951.0","5786.0"
"MDANTSANE","39686.0","44104.0","83791.0"
"MEADOWLANDS","72299.0","71517.0","143811.0"
"MECKLENBURG","61977.0","69353.0","131329.0"
"MEHLOMNYAMA","14234.0","16713.0","30948.0"
"MELKBOSSTRAND","6028.0","6354.0","12383.0"
"MELMOTH","37955.0","44931.0","82888.0"
"MELODING","19511.0","20985.0","40495.0"
"MEMEL","4240.0","4571.0","8809.0"
"MEYERTON","24067.0","23293.0","47354.0"
"MFULENI","57929.0","57851.0","115794.0"
"MHALA","60262.0","74186.0","134437.0"
"MHLUZI","45290.0","42742.0","88045.0"
"MID ILLOVO","11522.0","12081.0","23598.0"
"MIDDELBURG MPUMALANG","51306.0","48491.0","99807.0"
"MIDDELBURG(EC)","10372.0","11338.0","21707.0"
"MIDDELPOS","604.0","558.0","1163.0"
"MIDDLEDRIFT","9562.0","9324.0","18889.0"
"MIDRAND","39303.0","41471.0","80789.0"
"MILNERTON","43639.0","42440.0","86089.0"
"MITCHELLS PLAIN","95157.0","100218.0","195377.0"
"MKHUZE","8340.0","9438.0","17777.0"
"MLUNGISI","24861.0","28102.0","52961.0"
"MMABATHO","63754.0","70397.0","134138.0"
"MMAKAU","15433.0","13997.0","29427.0"
"MMAMETLAKE","35412.0","39861.0","75275.0"
"MODDER RIVER","7724.0","7939.0","15658.0"
"MODIMOLLE","23008.0","22807.0","45808.0"
"MODJADJISKLOOF","17223.0","17436.0","34660.0"
"MOFFATVIEW","33313.0","33699.0","67017.0"
"MOGWADI","13166.0","15126.0","28288.0"
"MOGWASE","60705.0","58324.0","119032.0"
"MOKOPANE","21789.0","22621.0","44406.0"
"MOKOPONG","347.0","197.0","545.0"
"MOLTENO","6534.0","6795.0","13332.0"
"MONDEOR","80273.0","77032.0","157299.0"
"MONDLO","47599.0","52593.0","100188.0"
"MONTAGU","11459.0","11955.0","23408.0"
"MONTCLAIR","17521.0","17003.0","34526.0"
"MOOI RIVER","14301.0","14961.0","29261.0"
"MOOIFONTEIN","21605.0","23927.0","45528.0"
"MOOINOOI","23820.0","19149.0","42964.0"
"MOOIPLAAS","5980.0","6764.0","12745.0"
"MOORREESBURG","11173.0","12151.0","23324.0"
"MOREBENG","5892.0","6384.0","12273.0"
"MORGENZON TRANSVAAL","6040.0","5890.0","11932.0"
"MOROKA","118149.0","120215.0","238354.0"
"MOROKWENG","13074.0","15694.0","28761.0"
"MOSSEL BAY","4854.0","5649.0","10499.0"
"MOTETEMA","35293.0","42760.0","78057.0"
"MOTHERWELL","46526.0","51094.0","97614.0"
"MOTHIBISTAD","32666.0","36156.0","68818.0"
"MOTHUTLUNG","6155.0","6073.0","12230.0"
"MOTSWEDI","23780.0","26460.0","50238.0"
"MOUNT AYLIFF","44618.0","53600.0","98220.0"
"MOUNT FLETCHER","30419.0","34749.0","65170.0"
"MOUNT FRERE","51106.0","60134.0","111230.0"
"MOUNT ROAD","16995.0","18625.0","35623.0"
"MOUNTAIN RISE","58903.0","63714.0","122616.0"
"MOWBRAY","4903.0","5042.0","9944.0"
"MOYENI","3310.0","3924.0","7233.0"
"MPHEPHU","33776.0","41967.0","75743.0"
"MPISI","11284.0","13675.0","24953.0"
"MPOPHOMENI","13434.0","15534.0","28964.0"
"MPUMALANGA KZN","49727.0","55536.0","105267.0"
"MPUNGAMHLOPHE","7479.0","8737.0","16213.0"
"MQANDULI","40340.0","47115.0","87448.0"
"MSINGA","50796.0","67556.0","118363.0"
"MSINSINI","17297.0","20204.0","37505.0"
"MSOBOMVU","18729.0","22898.0","41626.0"
"MTHATHA","78643.0","89952.0","168587.0"
"MTONTSASA","17787.0","20865.0","38651.0"
"MTUBATUBA","15010.0","16401.0","31415.0"
"MTUNZINI","36798.0","43135.0","79935.0"
"MUDEN","5919.0","7350.0","13268.0"
"MUIZENBERG","29791.0","29204.0","58992.0"
"MULDERSDRIFT","17654.0","15082.0","32744.0"
"MURRAYSBURG","3678.0","3748.0","7427.0"
"MUSINA","28817.0","28470.0","57284.0"
"MUTALE","24497.0","30441.0","54935.0"
"MZAMBA","30701.0","36743.0","67446.0"
"NABABEEP","8494.0","8972.0","17464.0"
"NABOOMSPRUIT","15228.0","14874.0","30102.0"
"NALEDI","43689.0","45998.0","89686.0"
"NAMAHADI","25012.0","30852.0","55863.0"
"NAMAKGALE","38711.0","41308.0","80021.0"
"NAPIER","3368.0","3409.0","6779.0"
"NAVALSIG","6999.0","6879.0","13879.0"
"NDEVANA","11649.0","12383.0","24032.0"
"NDUMO","17903.0","21381.0","39282.0"
"NDWEDWE","53096.0","59895.0","112986.0"
"NEBO","40875.0","51080.0","91954.0"
"NELSPRUIT","40460.0","40261.0","80715.0"
"NEMATO","8617.0","9606.0","18223.0"
"NEW BRIGHTON","46710.0","49997.0","96711.0"
"NEW HANOVER","8674.0","9269.0","17948.0"
"NEWARK","6995.0","7653.0","14648.0"
"NEWCASTLE","32674.0","33382.0","66053.0"
"NEWLANDS EAST","36338.0","40450.0","76795.0"
"NGANGELIZWE","26099.0","31518.0","57617.0"
"NGODWANA","4464.0","3477.0","7943.0"
"NGOME","7566.0","8750.0","16316.0"
"NGQELENI","76308.0","88375.0","164689.0"
"NHLANHLENI","25982.0","33043.0","59014.0"
"NIEKERKSHOOP","1466.0","1286.0","2753.0"
"NIETVERDIEND","705.0","407.0","1112.0"
"NIEUWOUDTVILLE","1446.0","1348.0","2794.0"
"NIGEL","16400.0","16010.0","32410.0"
"NKANDLA","28710.0","35634.0","64344.0"
"NOENIEPUT","447.0","332.0","779.0"
"NONDWENI","8053.0","9330.0","17388.0"
"NONGOMA","90157.0","108731.0","198888.0"
"NORKEMPARK","33933.0","36276.0","70213.0"
"NORMANDIEN","1715.0","1526.0","3241.0"
"NORTHAM","19704.0","11065.0","30768.0"
"NORVALSPONT","633.0","740.0","1374.0"
"NORWOOD","20558.0","23495.0","44060.0"
"NOTTINGHAM ROAD","4733.0","4215.0","8948.0"
"NOUPOORT","3918.0","4346.0","8266.0"
"NQAMAKWE","32400.0","35075.0","67479.0"
"NQUTHU","45503.0","55198.0","100694.0"
"NSUZE","25745.0","30794.0","56542.0"
"NTABAMHLOPHE","21187.0","23899.0","45088.0"
"NTABANKULU","54915.0","65061.0","119994.0"
"NTABETHEMBA","4956.0","5691.0","10647.0"
"NTAMBANANA","16573.0","19380.0","35956.0"
"NTUZUMA","56752.0","60589.0","117340.0"
"NUWERUS","2497.0","2573.0","5069.0"
"NYANGA","100824.0","101508.0","202332.0"
"NYONI","20813.0","23091.0","43903.0"
"OCEAN VIEW","20601.0","19787.0","40392.0"
"ODENDAALSRUS","34073.0","33451.0","67512.0"
"OGIES","22585.0","20144.0","42724.0"
"OHRIGSTAD","1647.0","1216.0","2865.0"
"OLIEVENHOUTBOSCH","51395.0","45981.0","97376.0"
"OLIFANTSFONTEIN","21005.0","19710.0","40710.0"
"OLIFANTSHOEK","5674.0","5678.0","11353.0"
"ONSEEPKANS","2095.0","1945.0","4039.0"
"OR TAMBO INTERN AIRP","96.0","74.0","170.0"
"ORANGE FARMS","103341.0","106828.0","210174.0"
"ORANJEVILLE","3135.0","3046.0","6181.0"
"ORKNEY","14392.0","10312.0","24699.0"
"ORLANDO","66557.0","66198.0","132759.0"
"OSIZWENI","69207.0","78475.0","147688.0"
"OTTOSDAL","15068.0","14525.0","29592.0"
"OTTOSHOOP","4208.0","3391.0","7599.0"
"OUDTSHOORN","35672.0","38959.0","74633.0"
"PAARL","26060.0","25392.0","51451.0"
"PAARL EAST","40885.0","42808.0","83690.0"
"PABALELLO","8721.0","9288.0","18008.0"
"PACALTSDORP","12433.0","13091.0","25523.0"
"PADDOCK","6458.0","6658.0","13117.0"
"PALMIETFONTEIN","15850.0","18640.0","34490.0"
"PAMPIERSTAT","16987.0","19289.0","36279.0"
"PARK ROAD","37668.0","41542.0","79206.0"
"PARKVIEW","17972.0","20446.0","38408.0"
"PAROW","28755.0","31581.0","60339.0"
"PARYS","4801.0","5379.0","10180.0"
"PATENSIE","4270.0","4311.0","8580.0"
"PATERSON","3221.0","3248.0","6467.0"
"PAUL ROUX","3879.0","4217.0","8098.0"
"PAULPIETERSBURG","34843.0","39857.0","74706.0"
"PEARSTON","2483.0","2581.0","5062.0"
"PEDDIE","11312.0","12769.0","24087.0"
"PELLA","1770.0","1616.0","3386.0"
"PERDEKOP","4009.0","4306.0","8312.0"
"PETRUS STEYN","6772.0","7761.0","14532.0"
"PETRUSBURG","5241.0","5222.0","10462.0"
"PETRUSVILLE","2763.0","2850.0","5610.0"
"PHALABORWA","7122.0","6755.0","13876.0"
"PHILADELPHIA","3683.0","3625.0","7310.0"
"PHILIPPI","26036.0","27864.0","53902.0"
"PHILIPPI EAST","27853.0","28237.0","56093.0"
"PHILIPPOLIS","2189.0","2369.0","4558.0"
"PHILIPSTOWN","1927.0","2058.0","3985.0"
"PHOENIX","99643.0","104776.0","204430.0"
"PHOKENG","71363.0","51595.0","122959.0"
"PHUMALANGA","7486.0","8574.0","16060.0"
"PHUTHADITJHABA","36894.0","44292.0","81194.0"
"PIENAAR","49247.0","53026.0","102263.0"
"PIENAARSRIVIER","1692.0","1392.0","3085.0"
"PIET PLESSIS","3361.0","2642.0","6004.0"
"PIET RETIEF","48581.0","52066.0","100638.0"
"PIETERMARITZBURG","9556.0","10882.0","20441.0"
"PIKETBERG","11326.0","12408.0","23735.0"
"PILGRIM'S REST","1198.0","979.0","2173.0"
"PINELANDS","9755.0","10911.0","20663.0"
"PINETOWN","44401.0","47871.0","92261.0"
"PLESSISLAER","123155.0","137848.0","260995.0"
"PLETTENBERG BAY","13455.0","13473.0","26924.0"
"PLOOYSBURG","923.0","662.0","1587.0"
"POFADDER","1713.0","1838.0","3549.0"
"POINT","12011.0","13244.0","25253.0"
"POLOKWANE","33476.0","34079.0","67557.0"
"PONGOLA","50940.0","58271.0","109205.0"
"PORT ALFRED","4145.0","4662.0","8806.0"
"PORT EDWARD","15314.0","17106.0","32429.0"
"PORT NOLLOTH","3642.0","3464.0","7106.0"
"PORT SHEPSTONE","36192.0","39387.0","75574.0"
"PORT ST JOHNS","33168.0","39415.0","72581.0"
"PORTERVILLE","7533.0","8179.0","15714.0"
"POSTMASBURG","17176.0","15777.0","32955.0"
"POTCHEFSTROOM","25840.0","26061.0","51891.0"
"PRESTBURY","7995.0","6458.0","14452.0"
"PRETORIA CENTRAL","28057.0","25123.0","53175.0"
"PRETORIA MOOT","14403.0","16137.0","30542.0"
"PRETORIA NORTH","15432.0","15744.0","31176.0"
"PRETORIA WEST","48246.0","50543.0","98787.0"
"PRIESKA","7866.0","8073.0","15942.0"
"PRIMROSE","35661.0","30376.0","66043.0"
"PRINCE ALBERT","4949.0","5073.0","10020.0"
"PRINCE ALFRED HAMLET","20575.0","17414.0","37988.0"
"PROTEA GLEN","61572.0","66154.0","127729.0"
"PUDIMOE","16898.0","19520.0","36424.0"
"PUNZANA","7552.0","8452.0","15999.0"
"PUTFONTEIN","22280.0","20835.0","43121.0"
"QUEENSTOWN","17072.0","18812.0","35882.0"
"QUMBU","20127.0","23071.0","43206.0"
"RABIE RIDGE","64176.0","56964.0","121139.0"
"RANDBURG","21933.0","24609.0","46537.0"
"RANDFONTEIN","74985.0","74544.0","149530.0"
"RANKIN'S PASS","1414.0","1268.0","2680.0"
"RATANDA","25689.0","25983.0","51670.0"
"RAVENSMEAD","29573.0","31836.0","61418.0"
"RAWSONVILLE","6740.0","6332.0","13072.0"
"REDDERSBURG","2636.0","2946.0","5582.0"
"REDELINGHUYS","1241.0","1181.0","2421.0"
"REIGERPARK","31034.0","26910.0","57947.0"
"REITZ","12204.0","13287.0","25484.0"
"REIVILO","3656.0","3563.0","7214.0"
"RHODES","1078.0","943.0","2023.0"
"RICHARDS BAY","37778.0","38256.0","76031.0"
"RICHMOND(C)","3427.0","3306.0","6736.0"
"RICHMOND-KZN","22384.0","24238.0","46623.0"
"RIEBEECK EAST","671.0","657.0","1329.0"
"RIEBEEK WEST","8094.0","8041.0","16125.0"
"RIETBRON","790.0","839.0","1628.0"
"RIETFONTEIN","2667.0","2639.0","5305.0"
"RIETGAT","107474.0","112106.0","219571.0"
"RIETVLEI","2603.0","3027.0","5633.0"
"RITAVI","43174.0","48817.0","91987.0"
"RIVERSDALE","9729.0","10512.0","20243.0"
"RIVIERSONDEREND","3953.0","3905.0","7859.0"
"ROADSIDE","625.0","498.0","1124.0"
"ROBERTSON","17442.0","18274.0","35713.0"
"ROEDTAN","1518.0","1307.0","2823.0"
"RONDEBOSCH","7254.0","7509.0","14759.0"
"ROODEPAN","17763.0","18399.0","36166.0"
"ROODEPOORT","90623.0","89534.0","180157.0"
"ROOIBERG","2956.0","2759.0","5712.0"
"ROOSSENEKAL","4004.0","3785.0","7787.0"
"ROSEBANK","3827.0","4481.0","8308.0"
"ROSEDALE","20817.0","22131.0","42946.0"
"ROSENDAL","2829.0","3020.0","5847.0"
"ROSSOUW","377.0","359.0","737.0"
"ROUXVILLE","3956.0","4347.0","8302.0"
"RUST DE WINTER","1589.0","1757.0","3349.0"
"RUSTENBURG","57052.0","48420.0","105473.0"
"SAAMBOUBRUG","753.0","550.0","1302.0"
"SABIE","10427.0","9044.0","19475.0"
"SAKHILE","13112.0","14085.0","27195.0"
"SALDANHA","14286.0","14673.0","28968.0"
"SANDRINGHAM","20807.0","22729.0","43535.0"
"SANDTON","50545.0","55923.0","106484.0"
"SANNIESHOF","8267.0","7946.0","16213.0"
"SARON","4842.0","5194.0","10032.0"
"SASELAMANI","27487.0","35929.0","63418.0"
"SASOLBURG","16280.0","15611.0","31895.0"
"SAWOTI","15003.0","17533.0","32534.0"
"SCHOEMANSDAL","42624.0","48136.0","90758.0"
"SCHWEIZER-RENEKE","9996.0","8790.0","18788.0"
"SCOTTBURGH","14718.0","16116.0","30835.0"
"SEA POINT","11552.0","13256.0","24808.0"
"SEAFIELD","768.0","770.0","1539.0"
"SEBAYENG","20748.0","23988.0","44732.0"
"SEBENZA","14956.0","15735.0","30688.0"
"SEBOKENG","80358.0","84083.0","164439.0"
"SECUNDA","20731.0","19135.0","39867.0"
"SEKGOSESE","19983.0","26046.0","46031.0"
"SEKHUKHUNE","55259.0","65376.0","120641.0"
"SELOSESHA","31785.0","35038.0","66835.0"
"SENEKAL","13791.0","15304.0","29094.0"
"SENWABARWANA","42039.0","51843.0","93888.0"
"SESHEGO","91410.0","101144.0","192562.0"
"SETLAGOLE","13748.0","13488.0","27234.0"
"SEVEN FOUNTAINS","1701.0","1631.0","3331.0"
"SEVERN","2073.0","2016.0","4088.0"
"SEYMOUR","2965.0","3068.0","6033.0"
"SHARPEVILLE","32073.0","32908.0","64979.0"
"SHEEPMOOR","4146.0","4351.0","8494.0"
"SILOAM","27771.0","34051.0","61821.0"
"SILVERTON","50114.0","52070.0","102186.0"
"SIMON'S TOWN","8299.0","4743.0","13043.0"
"SINOVILLE","33191.0","35681.0","68869.0"
"SIYABUSWA","54119.0","60701.0","114828.0"
"SKUKUZA","2856.0","2456.0","5313.0"
"SMITHFIELD","2927.0","3240.0","6168.0"
"SOMERSET EAST","10055.0","10775.0","20832.0"
"SOMERSET WEST","27258.0","29832.0","57098.0"
"SOPHIA TOWN","39121.0","41176.0","80296.0"
"SOSHANGUVE","46557.0","49910.0","96466.0"
"SOUTHPORT","10321.0","11396.0","21715.0"
"SOUTPAN","2134.0","2075.0","4208.0"
"SPRINGBOK","7128.0","7251.0","14375.0"
"SPRINGFONTEIN","2103.0","2143.0","4244.0"
"SPRINGS","58674.0","55007.0","113682.0"
"ST FAITHS","9575.0","11156.0","20731.0"
"ST FRANCIS BAY","3087.0","3017.0","6101.0"
"ST HELENA BAY","5612.0","5707.0","11319.0"
"STANDERTON","34952.0","34643.0","69594.0"
"STANFORD","3093.0","2991.0","6084.0"
"STEENBERG","29630.0","32094.0","61726.0"
"STEINKOPF","4009.0","4371.0","8383.0"
"STELLA","5074.0","4248.0","9323.0"
"STELLENBOSCH","25791.0","27557.0","53347.0"
"STERKSPRUIT","27461.0","31832.0","59303.0"
"STERKSTROOM","4133.0","4493.0","8626.0"
"STEUNMEKAAR","989.0","224.0","1213.0"
"STEVE VUKILE TSHWETE","8426.0","9471.0","17898.0"
"STEYNSBURG","4140.0","4489.0","8626.0"
"STEYNSRUS","5064.0","5811.0","10873.0"
"STEYTLERVILLE","2567.0","2581.0","5146.0"
"STILFONTEIN","9308.0","8418.0","17726.0"
"STILL BAY","3839.0","4350.0","8189.0"
"STORMS RIVER","4817.0","4774.0","9591.0"
"STRAND","24557.0","27045.0","51600.0"
"STRANDFONTEIN","13747.0","14510.0","28257.0"
"STRUISBAAI","2177.0","2333.0","4512.0"
"STRYDENBURG","1733.0","1698.0","3429.0"
"STUTTERHEIM","15040.0","16001.0","31037.0"
"SULENKAMA","13601.0","15452.0","29055.0"
"SUN CITY","33927.0","35122.0","69055.0"
"SUNDRA","10020.0","8899.0","18919.0"
"SUNDUMBILI","34785.0","39952.0","74738.0"
"SUNNYSIDE","40822.0","42016.0","82835.0"
"SUNRISE","7997.0","8376.0","16376.0"
"SUTHERLAND","1942.0","2027.0","3969.0"
"SUURBRAAK","1443.0","1504.0","2945.0"
"SWARTBERG","1628.0","1671.0","3299.0"
"SWARTKOPS","13880.0","14060.0","27936.0"
"SWARTRUGGENS","9825.0","8383.0","18210.0"
"SWELLENDAM","11988.0","12169.0","24159.0"
"SYDENHAM","36274.0","37951.0","74224.0"
"TABASE","3509.0","3759.0","7267.0"
"TABLE BAY HARBOUR","1408.0","982.0","2390.0"
"TABLE VIEW","36126.0","37473.0","73604.0"
"TAMARA","8871.0","9892.0","18762.0"
"TARKASTAD","3921.0","4156.0","8082.0"
"TARLTON","7897.0","7216.0","15110.0"
"TAUNG","49462.0","55090.0","104545.0"
"TAYLORS HALT","45971.0","50530.0","96499.0"
"TEMBA","117315.0","122909.0","240228.0"
"TEMBISA","149947.0","126429.0","276367.0"
"TEMBISA SOUTH","58657.0","53627.0","112293.0"
"THABA-NCHU","7476.0","8192.0","15667.0"
"THABAZIMBI","24604.0","19506.0","44114.0"
"THABONG","55257.0","58214.0","113471.0"
"THE BARRAGE","5332.0","4720.0","10050.0"
"THEMBALETHU","22107.0","21773.0","43892.0"
"THEUNISSEN","16348.0","14010.0","30360.0"
"THOHOYANDOU","137511.0","161892.0","299410.0"
"THOMAS RIVER","353.0","311.0","665.0"
"THORNHILL","3988.0","3770.0","7759.0"
"THORNHILL CISKEI","2742.0","3344.0","6088.0"
"THORNVILLE","7491.0","7739.0","15232.0"
"TIERPOORT","1305.0","1029.0","2334.0"
"TINA FALLS","9130.0","10983.0","20110.0"
"TINMYNE","21127.0","25130.0","46263.0"
